[
  {
    "name": "theme_info",
    "theme_name": "Shopify Theme Template",
    "theme_version": "1.0.0",
    "theme_author": "Andrew A.",
    "theme_documentation_url": "https://gulrugar.github.io",
    "theme_support_url": "https://gulrugar.github.io"
  },
  {
    "name": "Miscellaneous Images",
    "settings": [
      {
        "type": "image_picker",
        "id": "repeating_bg",
        "label": "Repeating Background Image"
      },
      {
        "type": "image_picker",
        "id": "on_sale_banner",
        "label": "On Sale Banner",
        "info": "Appears on product cards for products that are on sale"
      }
    ]
  },
  {
    "name": "t:settings_schema.logo.name",
    "settings": [
      {
        "type": "image_picker",
        "id": "logo",
        "label": "t:settings_schema.logo.settings.logo_image.label"
      },
      {
        "type": "image_picker",
        "id": "favicon",
        "label": "t:settings_schema.logo.settings.favicon.label",
        "info": "t:settings_schema.logo.settings.favicon.info"
      }
    ]
  },
  {
    "name": "t:settings_schema.colors.name",
    "settings": [
      {
        "type": "header",
        "content": "t:settings_schema.colors.settings.header__1.content"
      },
      {
        "type": "color",
        "id": "colors_solid_button_labels",
        "default": "#ffffff",
        "label": "t:settings_schema.colors.settings.colors_solid_button_labels.label",
        "info": "t:settings_schema.colors.settings.colors_solid_button_labels.info"
      },
      {
        "type": "color",
        "id": "colors_accent_1",
        "default": "#121212",
        "label": "t:settings_schema.colors.settings.colors_accent_1.label",
        "info": "t:settings_schema.colors.settings.colors_accent_1.info"
      },
      {
        "type": "color",
        "id": "colors_accent_2",
        "default": "#334fb4",
        "label": "t:settings_schema.colors.settings.colors_accent_2.label"
      },
      {
        "type": "color",
        "id": "colors_text",
        "default": "#ffffff",
        "label": "t:settings_schema.colors.settings.colors_text.label",
        "info": "t:settings_schema.colors.settings.colors_text.info"
      },
      {
        "type": "color",
        "id": "colors_outline_button_labels",
        "default": "#121212",
        "label": "t:settins_schema.colors.settings.colors_outline_button_labels.label",
        "info": "t:settins_schema.colors.settings.colors_outline_button_labels.info"
      },
      {
        "type": "color",
        "id": "colors_background_1",
        "default": "#212121",
        "label": "t:settings_schema.colors.settings.colors_background_1.label"
      },
      {
        "type": "color",
        "id": "colors_background_2",
        "default": "#f3f3f3",
        "label": "t:settings_schema.colors.settings.colors_background_2.label"
      }
    ]
  },
  {
    "name": "t:settings_schema.typography.name",
    "settings": [
      {
        "type": "header",
        "content": "t:settings_schema.typography.settings.header__1.content"
      },
      {
        "type": "font_picker",
        "id":"type_header_font",
        "default": "assistant_n4",
        "label": "t:settings_schema.typography.settings.type_header_font.label",
        "info": "t:settings_schema.typography.settings.type_header_font.info"
      },
      {
        "type": "range",
        "id": "heading_scale",
        "min": 100,
        "max": 150,
        "step": 5,
        "unit": "%",
        "label": "t:settings_schema.typography.settings.heading_scale.label",
        "default": 100
      },
      {
        "type": "header",
        "content": "t:settings_schema.typography.settings.header__2.content"
      },
      {
        "type": "font_picker",
        "id": "type_body_font",
        "default": "assistant_n4",
        "label": "t:settings_schema.typography.settings.type_body_font.label",
        "info": "t:settings_schema.typography.settings.type_body_font.info"
      },
      {
        "type": "range",
        "id": "body_scale",
        "min": 100,
        "max": 200,
        "step": 10,
        "unit": "%",
        "label": "t:settings_schema.typography.settings.body_scale.label",
        "default": 100
      }
    ]
  },
  {
    "name": "t:settings_schema.layout.name",
    "settings": [
      {
        "type": "range",
        "id": "page_width",
        "min": 1000,
        "max": 1600,
        "step": 100,
        "default": 1200,
        "unit": "px",
        "label": "t:settings_schema.layout.settings.page_width.label"
      },
      {
        "type": "range",
        "id": "spacing_sections",
        "min": 0,
        "max": 100,
        "step": 4,
        "unit": "px",
        "label": "t:settings_schema.layout.settings.spacing_sections.label",
        "default": 0
      }
    ]
  },
  {
    "name": "t:settings_schema.social-media.name",
    "settings": [
      {
        "type": "header",
        "content": "t:settings_schema.social-media.settings.header.content"
      },
      {
        "type": "text",
        "id": "social_facebook_link",
        "label": "t:settings_schema.social-media.settings.social_facebook_link.label",
        "info": "t:settings_schema.social-media.settings.social_facebook_link.info"
      },
      {
        "type": "text",
        "id": "social_instagram_link",
        "label": "t:settings_schema.social-media.settings.social_instagram_link.label",
        "info": "t:settings_schema.social-media.settings.social_instagram_link.info"
      },
      {
        "type": "text",
        "id": "social_youtube_link",
        "label": "t:settings_schema.social-media.settings.social_youtube_link.label",
        "info": "t:settings_schema.social-media.settings.social_youtube_link.info"
      },
      {
        "type": "text",
        "id": "social_tiktok_link",
        "label": "t:settings_schema.social-media.settings.social_tiktok_link.label",
        "info": "t:settings_schema.social-media.settings.social_tiktok_link.info"
      },
      {
        "type": "text",
        "id": "social_twitter_link",
        "label": "t:settings_schema.social-media.settings.social_twitter_link.label",
        "info": "t:settings_schema.social-media.settings.social_twitter_link.info"
      },
      {
        "type": "text",
        "id": "social_snapchat_link",
        "label": "t:settings_schema.social-media.settings.social_snapchat_link.label",
        "info": "t:settings_schema.social-media.settings.social_snapchat_link.info"
      },
      {
        "type": "text",
        "id": "social_pinterest_link",
        "label": "t:settings_schema.social-media.settings.social_pinterest_link.label",
        "info": "t:settings_schema.social-media.settings.social_pinterest_link.info"
      },
      {
        "type": "text",
        "id": "social_tumblr_link",
        "label": "t:settings_schema.social-media.settings.social_tumblr_link.label",
        "info": "t:settings_schema.social-media.settings.social_tumblr_link.info"
      },
      {
        "type": "text",
        "id": "social_vimeo_link",
        "label": "t:settings_schema.social-media.settings.social_vimeo_link.label",
        "info": "t:settings_schema.social-media.settings.social_vimeo_link.info"
      }
    ]
  }
]