{
  "current": {
    "repeating_bg": "shopify:\/\/shop_images\/halftonebg.png",
    "on_sale_banner": "shopify:\/\/shop_images\/sale-banner.webp",
    "logo": "shopify:\/\/shop_images\/logo.webp",
    "favicon": "shopify:\/\/shop_images\/profile-pic-favicon.png",
    "colors_solid_button_labels": "#ffffff",
    "colors_accent_1": "#121212",
    "colors_accent_2": "#334fb4",
    "colors_text": "#ffffff",
    "colors_outline_button_labels": "#121212",
    "colors_background_1": "#212121",
    "colors_background_2": "f3f3f3",
    "type_header_font": "assistant_n4",
    "heading_scale": 100,
    "type_body_font": "assistant_n4",
    "body_scale": 160,
    "page_width": 1200,
    "spacing_sections": 0,
    "social_facebook_link": "https://facebook.com",
    "social_instagram_link": "https://instagram.com",
    "social_twitter_link": "https://twitter.com",
    "social_youtube_link": "https://youtube.com"
  },
  "presets": {
    "Default": {
      "colors_solid_button_labels": "#ffffff",
      "colors_accent_1": "#121212",
      "colors_accent_2": "#334fb4",
      "colors_text": "#ffffff",
      "colors_outline_button_labels": "#121212",
      "colors_background_1": "#212121",
      "colors_background_2": "f3f3f3",
      "type_header_font": "assistant_n4",
      "heading_scale": 100,
      "type_body_font": "assistant_n4",
      "body_scale": 100,
      "page_width": 1200,
      "spacing_sections": 0,
      "social_facebook_link": "",
      "social_instagram_link": "",
      "social_twitter_link": "",
      "social_youtube_link": ""
    }
  }
}