{
  "wrapper": "div.mx-auto.container.px-4",
  "sections": {
    "image_banner": {
      "type": "image-banner",
      "settings": {
        "image_desktop": "shopify:\/\/shop_images\/1677610132-rpgsbannerw3_default.webp",
        "image_mobile": "shopify:\/\/shop_images\/1677610138-rpgsbannerw3_mobile.webp",
        "collection": "pins"
      }
    },
    "featured-collection": {
      "type": "featured-collection",
      "settings": {
        "collection": "t-shirts",
        "products_to_show": 4
      }
    },
    "c61696c5-4151-48fa-b187-16a62abeb98e": {
      "type": "featured-collection",
      "settings": {
        "collection": "pins",
        "products_to_show": 4
      }
    },
    "3dabd729-6d2c-4824-9fef-0934bd472d37": {
      "type": "featured-collection",
      "settings": {
        "collection": "accessories",
        "products_to_show": 8
      }
    },
    "970cf820-656c-4856-9169-9c7820e92b26": {
      "type": "featured-collection",
      "settings": {
        "collection": "hats",
        "products_to_show": 4
      }
    },
    "a8b26a2f-12c4-4108-a121-d31c34400323": {
      "type": "featured-collection",
      "settings": {
        "collection": "miscellaneous",
        "products_to_show": 4
      }
    }
  },
  "order": [
    "image_banner",
    "featured-collection",
    "c61696c5-4151-48fa-b187-16a62abeb98e",
    "3dabd729-6d2c-4824-9fef-0934bd472d37",
    "970cf820-656c-4856-9169-9c7820e92b26",
    "a8b26a2f-12c4-4108-a121-d31c34400323"
  ]
}
